Vitoria, Sat Jan 01 00:00:00 CET 2022, 170
Vitoria, Sat Jan 01 00:00:00 CET 2022, 170
Vitoria, Sat Jan 01 00:00:00 CET 2022, 170
Vitoria, Sat Jan 01 00:00:00 CET 2022, 170
Vitoria, Sat Jan 01 00:00:00 CET 2022, 170
Vitoria, Sat Jan 01 00:00:00 CET 2022, 170
Vitoria, Sat Jan 01 00:00:00 CET 2022, 170
Vitoria, Sat Jan 01 00:00:00 CET 2022, 170
Vitoria, Sat Jan 01 00:00:00 CET 2022, 170
Vitoria, Sat Jan 01 00:00:00 CET 2022, 170
Vitoria, Sat Jan 01 00:00:00 CET 2022, 170
Vitoria, Sat Jan 01 00:00:00 CET 2022, 170
Vitoria, Sat Jan 01 00:00:00 CET 2022, 170
Vitoria, Sat Jan 01 00:00:00 CET 2022, 170
Vitoria, Sat Jan 01 00:00:00 CET 2022, 170
Vitoria, Sat Jan 01 00:00:00 CET 2022, 170
Vitoria, Sat Jan 01 00:00:00 CET 2022, 170
Vitoria, Sat Jan 01 00:00:00 CET 2022, 170
Vitoria, Sat Jan 01 00:00:00 CET 2022, 170
Vitoria, Sat Jan 01 00:00:00 CET 2022, 170
Vitoria, Sat Jan 01 00:00:00 CET 2022, 170
Vitoria, Sat Jan 01 00:00:00 CET 2022, 170
Vitoria, Sat Jan 01 00:00:00 CET 2022, 170
Vitoria, Sat Jan 01 00:00:00 CET 2022, 170
Vitoria, Sat Jan 01 00:00:00 CET 2022, 170
Vitoria, Sat Jan 01 00:00:00 CET 2022, 170
Vitoria, Sat Jan 01 00:00:00 CET 2022, 170
Vitoria, Sat Jan 01 00:00:00 CET 2022, 170
Vitoria, Sat Jan 01 00:00:00 CET 2022, 170
Vitoria, Sat Jan 01 00:00:00 CET 2022, 170
Vitoria, Sat Jan 01 00:00:00 CET 2022, 170
Vitoria, Sat Jan 01 00:00:00 CET 2022, 170
Vitoria, Sat Jan 01 00:00:00 CET 2022, 170
Vitoria, Sat Jan 01 00:00:00 CET 2022, 170
Vitoria, Sat Jan 01 00:00:00 CET 2022, 170
Vitoria, Sat Jan 01 00:00:00 CET 2022, 170
Vitoria, Sat Jan 01 00:00:00 CET 2022, 170
Vitoria, Sat Jan 01 00:00:00 CET 2022, 170
Vitoria, Sat Jan 01 00:00:00 CET 2022, 170
Vitoria, Sat Jan 01 00:00:00 CET 2022, 170
Vitoria, Sat Jan 01 00:00:00 CET 2022, 170
Vitoria, Sat Jan 01 00:00:00 CET 2022, 170
Vitoria, Sat Jan 01 00:00:00 CET 2022, 170
Vitoria, Sat Jan 01 00:00:00 CET 2022, 170
Vitoria, Sat Jan 01 00:00:00 CET 2022, 170
Vitoria, Sat Jan 01 00:00:00 CET 2022, 170
Vitoria, Sat Jan 01 00:00:00 CET 2022, 170
Vitoria, Sat Jan 01 00:00:00 CET 2022, 170
Vitoria, Sat Jan 01 00:00:00 CET 2022, 170
Vitoria, Sat Jan 01 00:00:00 CET 2022, 170
Vitoria, Sat Jan 01 00:00:00 CET 2022, 170
Vitoria, Sat Jan 01 00:00:00 CET 2022, 170
Vitoria, Sat Jan 01 00:00:00 CET 2022, 170
Vitoria, Sat Jan 01 00:00:00 CET 2022, 170
Vitoria, Sat Jan 01 00:00:00 CET 2022, 170
Vitoria, Sat Jan 01 00:00:00 CET 2022, 170
Vitoria, Sat Jan 01 00:00:00 CET 2022, 170
Vitoria, Sat Jan 01 00:00:00 CET 2022, 170
Vitoria, Sat Jan 01 00:00:00 CET 2022, 170
Vitoria, Sat Jan 01 00:00:00 CET 2022, 170
Vitoria, Sat Jan 01 00:00:00 CET 2022, 170
Vitoria, Sat Jan 01 00:00:00 CET 2022, 170
Vitoria, Sat Jan 01 00:00:00 CET 2022, 170
Vitoria, Sat Jan 01 00:00:00 CET 2022, 170
Vitoria, Sat Jan 01 00:00:00 CET 2022, 170
Vitoria, Sat Jan 01 00:00:00 CET 2022, 170
Vitoria, Sat Jan 01 00:00:00 CET 2022, 170
Vitoria, Sat Jan 01 00:00:00 CET 2022, 170
Vitoria, Sat Jan 01 00:00:00 CET 2022, 170
Vitoria, Sat Jan 01 00:00:00 CET 2022, 170
Vitoria, Sat Jan 01 00:00:00 CET 2022, 170
Vitoria, Sat Jan 01 00:00:00 CET 2022, 170
Vitoria, Sat Jan 01 00:00:00 CET 2022, 170
Vitoria, Sat Jan 01 00:00:00 CET 2022, 170
Vitoria, Sat Jan 01 00:00:00 CET 2022, 170
Vitoria, Sat Jan 01 00:00:00 CET 2022, 170
Vitoria, Sat Jan 01 00:00:00 CET 2022, 170
Vitoria, Sat Jan 01 00:00:00 CET 2022, 170
Vitoria, Sat Jan 01 00:00:00 CET 2022, 170
Vitoria, Sat Jan 01 00:00:00 CET 2022, 170
Vitoria, Sat Jan 01 00:00:00 CET 2022, 170
Vitoria, Sat Jan 01 00:00:00 CET 2022, 170
Vitoria, Sat Jan 01 00:00:00 CET 2022, 170
Vitoria, Sat Jan 01 00:00:00 CET 2022, 170
Vitoria, Sat Jan 01 00:00:00 CET 2022, 170
Vitoria, Sat Jan 01 00:00:00 CET 2022, 170
Vitoria, Sat Jan 01 00:00:00 CET 2022, 170
Vitoria, Sat Jan 01 00:00:00 CET 2022, 999
Vitoria, Sat Jan 01 00:00:00 CET 2022, 170
Vitoria, Sat Jan 01 00:00:00 CET 2022, 170
Vitoria, Sat Jan 01 00:00:00 CET 2022, 170
Vitoria, Sat Jan 01 00:00:00 CET 2022, 170
Vitoria, Sat Jan 01 00:00:00 CET 2022, 170
